date;account;amount;merchant;libelle;category;is_internal;currency
2026-07-01;Compte courant;2500;Atelier Exemple;Salaire fictif;Revenus;N;EUR
2026-07-03;Compte courant;-950;Bailleur Exemple;Loyer fictif;Logement;N;EUR
2026-07-15;Compte courant;-10.99;Spotify Demo;Abonnement fictif;Abonnements;N;EUR
2026-07-04;Compte commun;-32;Marché Démo 0;Courses fictives 4;Courses;N;EUR
2026-07-05;Compte commun;-20;Marché Démo 1;Courses fictives 5;Courses;N;EUR
2026-07-06;Compte commun;-23;Marché Démo 2;Courses fictives 6;Courses;N;EUR
2026-07-07;Compte commun;-26;Marché Démo 3;Courses fictives 7;Courses;N;EUR
2026-07-08;Compte commun;-29;Marché Démo 0;Courses fictives 8;Courses;N;EUR
2026-07-09;Compte commun;-32;Marché Démo 1;Courses fictives 9;Courses;N;EUR
2026-07-10;Compte commun;-20;Marché Démo 2;Courses fictives 10;Courses;N;EUR
2026-07-11;Compte commun;-23;Marché Démo 3;Courses fictives 11;Courses;N;EUR
2026-07-12;Compte commun;-26;Marché Démo 0;Courses fictives 12;Courses;N;EUR
2026-07-13;Compte commun;-29;Marché Démo 1;Courses fictives 13;Courses;N;EUR
2026-07-14;Compte commun;-32;Marché Démo 2;Courses fictives 14;Courses;N;EUR
2026-07-15;Compte commun;-20;Marché Démo 3;Courses fictives 15;Courses;N;EUR
2026-07-16;Compte commun;-23;Marché Démo 0;Courses fictives 16;Courses;N;EUR
2026-07-17;Compte commun;-26;Marché Démo 1;Courses fictives 17;Courses;N;EUR
2026-07-18;Compte commun;-29;Marché Démo 2;Courses fictives 18;Courses;N;EUR
2026-07-19;Compte commun;-32;Marché Démo 3;Courses fictives 19;Courses;N;EUR
2026-07-20;Compte commun;-20;Marché Démo 0;Courses fictives 20;Courses;N;EUR
2026-07-21;Compte commun;-23;Marché Démo 1;Courses fictives 21;Courses;N;EUR
2026-07-22;Compte commun;-26;Marché Démo 2;Courses fictives 22;Courses;N;EUR
2026-07-23;Compte commun;-29;Marché Démo 3;Courses fictives 23;Courses;N;EUR
2026-07-24;Compte commun;-32;Marché Démo 0;Courses fictives 24;Courses;N;EUR
2026-07-25;Compte commun;-20;Marché Démo 1;Courses fictives 25;Courses;N;EUR
2026-08-01;Compte courant;2500;Atelier Exemple;Salaire fictif;Revenus;N;EUR
2026-08-03;Compte courant;-950;Bailleur Exemple;Loyer fictif;Logement;N;EUR
2026-08-15;Compte courant;-10.99;Spotify Demo;Abonnement fictif;Abonnements;N;EUR
2026-08-04;Compte commun;-32;Marché Démo 0;Courses fictives 4;Courses;N;EUR
2026-08-05;Compte commun;-20;Marché Démo 1;Courses fictives 5;Courses;N;EUR
2026-08-06;Compte commun;-23;Marché Démo 2;Courses fictives 6;Courses;N;EUR
2026-08-07;Compte commun;-26;Marché Démo 3;Courses fictives 7;Courses;N;EUR
2026-08-08;Compte commun;-29;Marché Démo 0;Courses fictives 8;Courses;N;EUR
2026-08-09;Compte commun;-32;Marché Démo 1;Courses fictives 9;Courses;N;EUR
2026-08-10;Compte commun;-20;Marché Démo 2;Courses fictives 10;Courses;N;EUR
2026-08-11;Compte commun;-23;Marché Démo 3;Courses fictives 11;Courses;N;EUR
2026-08-12;Compte commun;-26;Marché Démo 0;Courses fictives 12;Courses;N;EUR
2026-08-13;Compte commun;-29;Marché Démo 1;Courses fictives 13;Courses;N;EUR
2026-08-14;Compte commun;-32;Marché Démo 2;Courses fictives 14;Courses;N;EUR
2026-08-15;Compte commun;-20;Marché Démo 3;Courses fictives 15;Courses;N;EUR
2026-08-16;Compte commun;-23;Marché Démo 0;Courses fictives 16;Courses;N;EUR
2026-08-17;Compte commun;-26;Marché Démo 1;Courses fictives 17;Courses;N;EUR
2026-08-18;Compte commun;-29;Marché Démo 2;Courses fictives 18;Courses;N;EUR
2026-08-19;Compte commun;-32;Marché Démo 3;Courses fictives 19;Courses;N;EUR
2026-08-20;Compte commun;-20;Marché Démo 0;Courses fictives 20;Courses;N;EUR
2026-08-21;Compte commun;-23;Marché Démo 1;Courses fictives 21;Courses;N;EUR
2026-08-22;Compte commun;-26;Marché Démo 2;Courses fictives 22;Courses;N;EUR
2026-08-23;Compte commun;-29;Marché Démo 3;Courses fictives 23;Courses;N;EUR
2026-08-24;Compte commun;-32;Marché Démo 0;Courses fictives 24;Courses;N;EUR
2026-08-25;Compte commun;-20;Marché Démo 1;Courses fictives 25;Courses;N;EUR
2026-09-01;Compte courant;2500;Atelier Exemple;Salaire fictif;Revenus;N;EUR
2026-09-03;Compte courant;-950;Bailleur Exemple;Loyer fictif;Logement;N;EUR
2026-09-15;Compte courant;-10.99;Spotify Demo;Abonnement fictif;Abonnements;N;EUR
2026-09-04;Compte commun;-32;Marché Démo 0;Courses fictives 4;Courses;N;EUR
2026-09-05;Compte commun;-20;Marché Démo 1;Courses fictives 5;Courses;N;EUR
2026-09-06;Compte commun;-23;Marché Démo 2;Courses fictives 6;Courses;N;EUR
2026-09-07;Compte commun;-26;Marché Démo 3;Courses fictives 7;Courses;N;EUR
2026-09-08;Compte commun;-29;Marché Démo 0;Courses fictives 8;Courses;N;EUR
2026-09-09;Compte commun;-32;Marché Démo 1;Courses fictives 9;Courses;N;EUR
2026-09-10;Compte commun;-20;Marché Démo 2;Courses fictives 10;Courses;N;EUR
2026-09-11;Compte commun;-23;Marché Démo 3;Courses fictives 11;Courses;N;EUR
2026-09-12;Compte commun;-26;Marché Démo 0;Courses fictives 12;Courses;N;EUR
2026-09-13;Compte commun;-29;Marché Démo 1;Courses fictives 13;Courses;N;EUR
2026-09-14;Compte commun;-32;Marché Démo 2;Courses fictives 14;Courses;N;EUR
2026-09-15;Compte commun;-20;Marché Démo 3;Courses fictives 15;Courses;N;EUR
2026-09-16;Compte commun;-23;Marché Démo 0;Courses fictives 16;Courses;N;EUR
2026-09-17;Compte commun;-26;Marché Démo 1;Courses fictives 17;Courses;N;EUR
2026-09-18;Compte commun;-29;Marché Démo 2;Courses fictives 18;Courses;N;EUR
2026-09-19;Compte commun;-32;Marché Démo 3;Courses fictives 19;Courses;N;EUR
2026-09-20;Compte commun;-20;Marché Démo 0;Courses fictives 20;Courses;N;EUR
2026-09-21;Compte commun;-23;Marché Démo 1;Courses fictives 21;Courses;N;EUR
2026-09-22;Compte commun;-26;Marché Démo 2;Courses fictives 22;Courses;N;EUR
2026-09-23;Compte commun;-29;Marché Démo 3;Courses fictives 23;Courses;N;EUR
2026-09-24;Compte commun;-32;Marché Démo 0;Courses fictives 24;Courses;N;EUR
2026-09-25;Compte commun;-20;Marché Démo 1;Courses fictives 25;Courses;N;EUR
